{"type": "metrics", "dataset": "train", "precision": 0.9903640256959315, "balanced_accuracy": 0.8902626060985482, "recall": 0.7827374656230167, "f1_score": 0.8743944227815196}
{"type": "metrics", "dataset": "test", "precision": 0.6567291311754685, "balanced_accuracy": 0.6735218851776417, "recall": 0.4038763750654793, "f1_score": 0.5001621796951021}
{"type": "cm_matrix", "dataset": "train", "true_0": {"predicted_0": 16237, "predicted_1": 36}, "true_1": {"predicted_0": 1027, "predicted_1": 3700}}
{"type": "cm_matrix", "dataset": "test", "true_0": {"predicted_0": 6688, "predicted_1": 403}, "true_1": {"predicted_0": 1138, "predicted_1": 771}}
